-- --------------------------------------------------------
-- ホスト:                          127.0.0.1
-- サーバーのバージョン:                   10.6.4-MariaDB - mariadb.org binary distribution
-- サーバー OS:                      Win64
-- HeidiSQL バージョン:               11.3.0.6295
-- --------------------------------------------------------

/*!40101 SET @OLD_CHARACTER_SET_CLIENT=@@CHARACTER_SET_CLIENT */;
/*!40101 SET NAMES utf8 */;
/*!50503 SET NAMES utf8mb4 */;
/*!40014 SET @OLD_FOREIGN_KEY_CHECKS=@@FOREIGN_KEY_CHECKS, FOREIGN_KEY_CHECKS=0 */;
/*!40101 SET @OLD_SQL_MODE=@@SQL_MODE, SQL_MODE='NO_AUTO_VALUE_ON_ZERO' */;
/*!40111 SET @OLD_SQL_NOTES=@@SQL_NOTES, SQL_NOTES=0 */;


-- csiisysdb2 のデータベース構造をダンプしています
CREATE DATABASE IF NOT EXISTS `csiisysdb2` /*!40100 DEFAULT CHARACTER SET ujis */;
USE `csiisysdb2`;

--  テーブル csiisysdb2.kind の構造をダンプしています
CREATE TABLE IF NOT EXISTS `kind` (
  `id` int(11) NOT NULL AUTO_INCREMENT,
  `pjt` varchar(100) NOT NULL,
  PRIMARY KEY (`id`)
) ENGINE=InnoDB AUTO_INCREMENT=7 DEFAULT CHARSET=ujis;

-- テーブル csiisysdb2.kind: ~6 rows (約) のデータをダンプしています
/*!40000 ALTER TABLE `kind` DISABLE KEYS */;
INSERT INTO `kind` (`id`, `pjt`) VALUES
	(1, '役員'),
	(2, '総務'),
	(3, 'IT營業'),
	(4, 'ITエンジニア'),
	(5, '不動産スタッフ'),
	(6, '個人事業主');
/*!40000 ALTER TABLE `kind` ENABLE KEYS */;

--  テーブル csiisysdb2.m_bookinfo の構造をダンプしています
CREATE TABLE IF NOT EXISTS `m_bookinfo` (
  `isbn` int(11) NOT NULL DEFAULT 0,
  `title` varchar(50) COLLATE utf8mb3_unicode_ci DEFAULT NULL,
  `price` varchar(50) COLLATE utf8mb3_unicode_ci DEFAULT NULL,
  PRIMARY KEY (`isbn`)
) ENGINE=InnoDB DEFAULT CHARSET=utf8mb3 COLLATE=utf8mb3_unicode_ci;

-- テーブル csiisysdb2.m_bookinfo: ~0 rows (約) のデータをダンプしています
/*!40000 ALTER TABLE `m_bookinfo` DISABLE KEYS */;
INSERT INTO `m_bookinfo` (`isbn`, `title`, `price`) VALUES
	(24, 'ytrerr', '8888');
/*!40000 ALTER TABLE `m_bookinfo` ENABLE KEYS */;

--  テーブル csiisysdb2.m_class の構造をダンプしています
CREATE TABLE IF NOT EXISTS `m_class` (
  `id` int(11) NOT NULL,
  `grade_id` int(11) NOT NULL,
  `name` varchar(50) NOT NULL,
  PRIMARY KEY (`id`,`grade_id`) USING BTREE
) ENGINE=InnoDB DEFAULT CHARSET=sjis;

-- テーブル csiisysdb2.m_class: ~22 rows (約) のデータをダンプしています
/*!40000 ALTER TABLE `m_class` DISABLE KEYS */;
INSERT INTO `m_class` (`id`, `grade_id`, `name`) VALUES
	(1, 1, 'A組'),
	(2, 1, 'B組'),
	(3, 1, 'C組'),
	(4, 2, 'A組'),
	(5, 2, 'B組'),
	(6, 2, 'C組'),
	(7, 2, 'D組'),
	(8, 3, 'A組'),
	(9, 3, 'B組'),
	(10, 4, 'A組'),
	(11, 4, 'B組'),
	(12, 5, 'A組'),
	(13, 5, 'B組'),
	(14, 5, 'C組'),
	(15, 5, 'D組'),
	(16, 5, 'E組'),
	(17, 6, 'A組'),
	(18, 6, 'B組'),
	(19, 6, 'C組'),
	(20, 6, 'D組'),
	(21, 6, 'E組'),
	(22, 6, 'F組');
/*!40000 ALTER TABLE `m_class` ENABLE KEYS */;

--  テーブル csiisysdb2.m_grade の構造をダンプしています
CREATE TABLE IF NOT EXISTS `m_grade` (
  `id` int(11) NOT NULL AUTO_INCREMENT,
  `grade` varchar(50) NOT NULL,
  PRIMARY KEY (`id`)
) ENGINE=InnoDB AUTO_INCREMENT=7 DEFAULT CHARSET=sjis;

-- テーブル csiisysdb2.m_grade: ~6 rows (約) のデータをダンプしています
/*!40000 ALTER TABLE `m_grade` DISABLE KEYS */;
INSERT INTO `m_grade` (`id`, `grade`) VALUES
	(1, '一年'),
	(2, '二年'),
	(3, '三年'),
	(4, '四年'),
	(5, '五年'),
	(6, '六年');
/*!40000 ALTER TABLE `m_grade` ENABLE KEYS */;

--  テーブル csiisysdb2.m_sex の構造をダンプしています
CREATE TABLE IF NOT EXISTS `m_sex` (
  `id` int(11) NOT NULL AUTO_INCREMENT,
  `sex` varchar(50) DEFAULT NULL,
  PRIMARY KEY (`id`) USING BTREE
) ENGINE=InnoDB AUTO_INCREMENT=31 DEFAULT CHARSET=sjis;

-- テーブル csiisysdb2.m_sex: ~2 rows (約) のデータをダンプしています
/*!40000 ALTER TABLE `m_sex` DISABLE KEYS */;
INSERT INTO `m_sex` (`id`, `sex`) VALUES
	(1, '男'),
	(2, '女');
/*!40000 ALTER TABLE `m_sex` ENABLE KEYS */;

--  テーブル csiisysdb2.syain_main の構造をダンプしています
CREATE TABLE IF NOT EXISTS `syain_main` (
  `SYAIN_ID` int(11) NOT NULL AUTO_INCREMENT,
  `FIRST_NAME_KANJI` varchar(15) COLLATE utf8mb3_unicode_ci NOT NULL,
  `LAST_NAME_KANJI` varchar(15) COLLATE utf8mb3_unicode_ci NOT NULL,
  `FIRST_NAME_KANA` varchar(15) COLLATE utf8mb3_unicode_ci DEFAULT NULL,
  `LAST_NAME_KANA` varchar(15) COLLATE utf8mb3_unicode_ci DEFAULT NULL,
  `FIRST_NAME_EIGO` varchar(15) COLLATE utf8mb3_unicode_ci DEFAULT NULL,
  `LAST_NAME_EIGO` varchar(15) COLLATE utf8mb3_unicode_ci DEFAULT NULL,
  `SEIBETU` int(11) DEFAULT NULL,
  `TANJYOBI` date DEFAULT NULL,
  `KOKUSEKI` int(11) DEFAULT NULL,
  `SYUSSINN` varchar(30) COLLATE utf8mb3_unicode_ci DEFAULT NULL,
  `HAIGUSYA` int(11) DEFAULT NULL,
  `PASSPORT_NUM` varchar(20) COLLATE utf8mb3_unicode_ci DEFAULT NULL,
  `PASSPORT_END_DATE` date DEFAULT NULL,
  `VISA_KIKAN` int(11) DEFAULT NULL,
  `VISA_END_DATE` date DEFAULT NULL,
  `ZAIRYU_SIKAKU` int(11) DEFAULT NULL,
  `KOJIN_NUM` varchar(20) COLLATE utf8mb3_unicode_ci DEFAULT NULL,
  `ZAIRYU_NUM` varchar(20) COLLATE utf8mb3_unicode_ci DEFAULT NULL,
  `SYOZOKU_KAISYA` int(11) DEFAULT NULL,
  `NYUUSYA_DATE` date DEFAULT NULL,
  `TAISYA_DATE` date DEFAULT NULL,
  `SYOKUGYO_KIND` int(11) DEFAULT NULL,
  `RAINITI_DATE` date DEFAULT NULL,
  `BIKOU` varchar(255) COLLATE utf8mb3_unicode_ci DEFAULT NULL,
  `YUUBIN` char(8) COLLATE utf8mb3_unicode_ci DEFAULT NULL,
  `JYUSYO_1` varchar(100) COLLATE utf8mb3_unicode_ci DEFAULT NULL,
  `JYUSYO_2` varchar(100) COLLATE utf8mb3_unicode_ci DEFAULT NULL,
  `MOYORI_EKI` varchar(30) COLLATE utf8mb3_unicode_ci DEFAULT NULL,
  `TEL` varchar(15) COLLATE utf8mb3_unicode_ci DEFAULT NULL,
  `EMAIL` varchar(50) COLLATE utf8mb3_unicode_ci DEFAULT NULL,
  `WECHAT` varchar(30) COLLATE utf8mb3_unicode_ci DEFAULT NULL,
  `LINE` varchar(30) COLLATE utf8mb3_unicode_ci DEFAULT NULL,
  `BOKOKU_JYUSYO` varchar(255) COLLATE utf8mb3_unicode_ci DEFAULT NULL,
  `BOKOKU_KINNKYUU_RENNRAKU` varchar(255) COLLATE utf8mb3_unicode_ci DEFAULT NULL,
  `SAISYUU_GAKUREKI` int(11) DEFAULT NULL,
  `GAKKOU_NAME` varchar(100) COLLATE utf8mb3_unicode_ci DEFAULT NULL,
  `SENNMOM_NAME` varchar(100) COLLATE utf8mb3_unicode_ci DEFAULT NULL,
  `SOTUGYO_DATE` date DEFAULT NULL,
  `GYUMU_NENSU` float DEFAULT NULL,
  `IT_OS` varchar(100) COLLATE utf8mb3_unicode_ci DEFAULT NULL,
  `IT_GENGO` varchar(100) COLLATE utf8mb3_unicode_ci DEFAULT NULL,
  `IT_DB` varchar(100) COLLATE utf8mb3_unicode_ci DEFAULT NULL,
  `IT_WEB_SERVER` varchar(100) COLLATE utf8mb3_unicode_ci DEFAULT NULL,
  `IT_FW` varchar(100) COLLATE utf8mb3_unicode_ci DEFAULT NULL,
  `IT_OTHER` varchar(100) COLLATE utf8mb3_unicode_ci DEFAULT NULL,
  `IT_BIKOU` varchar(1024) COLLATE utf8mb3_unicode_ci DEFAULT NULL,
  `DELETE_FLAG` int(11) DEFAULT NULL,
  `TOUROKUBI` datetime DEFAULT NULL,
  `KOUSINNBI` datetime DEFAULT NULL,
  PRIMARY KEY (`SYAIN_ID`)
) ENGINE=InnoDB AUTO_INCREMENT=11 DEFAULT CHARSET=utf8mb3 COLLATE=utf8mb3_unicode_ci;

-- テーブル csiisysdb2.syain_main: ~10 rows (約) のデータをダンプしています
/*!40000 ALTER TABLE `syain_main` DISABLE KEYS */;
INSERT INTO `syain_main` (`SYAIN_ID`, `FIRST_NAME_KANJI`, `LAST_NAME_KANJI`, `FIRST_NAME_KANA`, `LAST_NAME_KANA`, `FIRST_NAME_EIGO`, `LAST_NAME_EIGO`, `SEIBETU`, `TANJYOBI`, `KOKUSEKI`, `SYUSSINN`, `HAIGUSYA`, `PASSPORT_NUM`, `PASSPORT_END_DATE`, `VISA_KIKAN`, `VISA_END_DATE`, `ZAIRYU_SIKAKU`, `KOJIN_NUM`, `ZAIRYU_NUM`, `SYOZOKU_KAISYA`, `NYUUSYA_DATE`, `TAISYA_DATE`, `SYOKUGYO_KIND`, `RAINITI_DATE`, `BIKOU`, `YUUBIN`, `JYUSYO_1`, `JYUSYO_2`, `MOYORI_EKI`, `TEL`, `EMAIL`, `WECHAT`, `LINE`, `BOKOKU_JYUSYO`, `BOKOKU_KINNKYUU_RENNRAKU`, `SAISYUU_GAKUREKI`, `GAKKOU_NAME`, `SENNMOM_NAME`, `SOTUGYO_DATE`, `GYUMU_NENSU`, `IT_OS`, `IT_GENGO`, `IT_DB`, `IT_WEB_SERVER`, `IT_FW`, `IT_OTHER`, `IT_BIKOU`, `DELETE_FLAG`, `TOUROKUBI`, `KOUSINNBI`) VALUES
	(1, '田中', '菜々子', NULL, NULL, NULL, NULL, 1, NULL, NULL, NULL, NULL, NULL, NULL, NULL, NULL, NULL, NULL, NULL, 1, '2023-07-01', NULL, 1, NULL, NULL, NULL, NULL, NULL, NULL, NULL, NULL, NULL, NULL, NULL, NULL, NULL, NULL, NULL, NULL, NULL, NULL, NULL, NULL, NULL, NULL, NULL, NULL, NULL, '2022-10-07 13:25:40', '2022-10-07 13:25:40'),
	(2, '渡辺', '高介', NULL, NULL, NULL, NULL, 2, NULL, NULL, NULL, NULL, NULL, NULL, NULL, NULL, NULL, NULL, NULL, 2, '2021-07-10', '2022-12-03', 2, NULL, NULL, NULL, NULL, NULL, NULL, NULL, NULL, NULL, NULL, NULL, NULL, NULL, NULL, NULL, NULL, NULL, NULL, NULL, NULL, NULL, NULL, NULL, NULL, NULL, '2022-10-07 13:25:40', '2022-10-07 13:25:40'),
	(3, '高崎', '龍介', NULL, NULL, NULL, NULL, 1, NULL, NULL, NULL, NULL, NULL, NULL, NULL, NULL, NULL, NULL, NULL, 2, '2019-02-15', NULL, 3, NULL, NULL, NULL, NULL, NULL, NULL, NULL, NULL, NULL, NULL, NULL, NULL, NULL, NULL, NULL, NULL, NULL, NULL, NULL, NULL, NULL, NULL, NULL, NULL, NULL, '2022-10-07 13:25:40', '2022-10-07 13:25:40'),
	(4, '山本', '治野', NULL, NULL, NULL, NULL, 1, NULL, NULL, NULL, NULL, NULL, NULL, NULL, NULL, NULL, NULL, NULL, 2, '2020-09-20', NULL, 4, NULL, NULL, NULL, NULL, NULL, NULL, NULL, NULL, NULL, NULL, NULL, NULL, NULL, NULL, NULL, NULL, NULL, NULL, NULL, NULL, NULL, NULL, NULL, NULL, NULL, '2022-10-07 13:25:40', '2022-10-07 13:25:40'),
	(5, '廣末', '小丸子', NULL, NULL, NULL, NULL, 1, NULL, NULL, NULL, NULL, NULL, NULL, NULL, NULL, NULL, NULL, NULL, 1, '2021-01-28', NULL, 5, NULL, NULL, NULL, NULL, NULL, NULL, NULL, NULL, NULL, NULL, NULL, NULL, NULL, NULL, NULL, NULL, NULL, NULL, NULL, NULL, NULL, NULL, NULL, NULL, NULL, '2022-10-07 13:25:40', '2022-10-07 13:25:40'),
	(6, '堂本', 'まくろ', NULL, NULL, NULL, NULL, 1, NULL, NULL, NULL, NULL, NULL, NULL, NULL, NULL, NULL, NULL, NULL, 1, '2019-07-10', '2020-07-07', 6, NULL, NULL, NULL, NULL, NULL, NULL, NULL, NULL, NULL, NULL, NULL, NULL, NULL, NULL, NULL, NULL, NULL, NULL, NULL, NULL, NULL, NULL, NULL, NULL, NULL, '2022-10-07 13:25:40', '2022-10-07 13:25:40'),
	(7, '濱崎', '高島', NULL, NULL, NULL, NULL, 1, NULL, NULL, NULL, NULL, NULL, NULL, NULL, NULL, NULL, NULL, NULL, 1, '2015-01-02', NULL, 1, NULL, NULL, NULL, NULL, NULL, NULL, NULL, NULL, NULL, NULL, NULL, NULL, NULL, NULL, NULL, NULL, NULL, NULL, NULL, NULL, NULL, NULL, NULL, NULL, NULL, '2022-10-07 13:25:40', '2022-10-07 13:25:40'),
	(8, '長島', '冰茶', NULL, NULL, NULL, NULL, 1, NULL, NULL, NULL, NULL, NULL, NULL, NULL, NULL, NULL, NULL, NULL, 1, '2018-11-18', NULL, 2, NULL, NULL, NULL, NULL, NULL, NULL, NULL, NULL, NULL, NULL, NULL, NULL, NULL, NULL, NULL, NULL, NULL, NULL, NULL, NULL, NULL, NULL, NULL, NULL, NULL, '2022-10-07 13:25:40', '2022-10-07 13:25:40'),
	(9, '花輪', '崢蟀', NULL, NULL, NULL, NULL, 2, NULL, NULL, NULL, NULL, NULL, NULL, NULL, NULL, NULL, NULL, NULL, 1, '2017-12-01', NULL, 3, NULL, NULL, NULL, NULL, NULL, NULL, NULL, NULL, NULL, NULL, NULL, NULL, NULL, NULL, NULL, NULL, NULL, NULL, NULL, NULL, NULL, NULL, NULL, NULL, NULL, '2022-10-07 13:25:40', '2022-10-07 13:25:40'),
	(10, '佐々木', '久留美', NULL, NULL, NULL, NULL, 2, NULL, NULL, NULL, NULL, NULL, NULL, NULL, NULL, NULL, NULL, NULL, 1, '2012-07-10', '2016-01-15', 4, NULL, NULL, NULL, NULL, NULL, NULL, NULL, NULL, NULL, NULL, NULL, NULL, NULL, NULL, NULL, NULL, NULL, NULL, NULL, NULL, NULL, NULL, NULL, NULL, NULL, '2022-10-07 13:25:40', '2022-10-07 13:25:40');
/*!40000 ALTER TABLE `syain_main` ENABLE KEYS */;

--  テーブル csiisysdb2.syo の構造をダンプしています
CREATE TABLE IF NOT EXISTS `syo` (
  `id` int(11) NOT NULL AUTO_INCREMENT,
  `com` varchar(100) NOT NULL,
  PRIMARY KEY (`id`)
) ENGINE=InnoDB AUTO_INCREMENT=3 DEFAULT CHARSET=ujis;

-- テーブル csiisysdb2.syo: ~2 rows (約) のデータをダンプしています
/*!40000 ALTER TABLE `syo` DISABLE KEYS */;
INSERT INTO `syo` (`id`, `com`) VALUES
	(1, '株式会社ブライトスター'),
	(2, '株式会社トップクラウド');
/*!40000 ALTER TABLE `syo` ENABLE KEYS */;

--  テーブル csiisysdb2.syutaikin の構造をダンプしています
CREATE TABLE IF NOT EXISTS `syutaikin` (
  `TEKIYO_NITIJI` char(8) NOT NULL,
  `SYANI_ID` int(11) NOT NULL,
  `SYUTAIKIN_FLG` int(11) DEFAULT NULL,
  `TOUROKUBI` datetime DEFAULT NULL,
  `KOUSINNBI` datetime DEFAULT NULL,
  PRIMARY KEY (`TEKIYO_NITIJI`,`SYANI_ID`) USING BTREE
) ENGINE=InnoDB DEFAULT CHARSET=ujis;

-- テーブル csiisysdb2.syutaikin: ~310 rows (約) のデータをダンプしています
/*!40000 ALTER TABLE `syutaikin` DISABLE KEYS */;
INSERT INTO `syutaikin` (`TEKIYO_NITIJI`, `SYANI_ID`, `SYUTAIKIN_FLG`, `TOUROKUBI`, `KOUSINNBI`) VALUES
	('20221001', 1, 4, '2022-10-07 13:38:13', '2022-10-07 13:38:13'),
	('20221001', 2, 4, '2022-10-07 13:38:13', '2022-10-07 13:38:13'),
	('20221001', 3, 4, '2022-10-07 13:38:13', '2022-10-07 13:38:13'),
	('20221001', 4, 4, '2022-10-07 13:38:13', '2022-10-07 13:38:13'),
	('20221001', 5, 4, '2022-10-07 13:38:13', '2022-10-07 13:38:13'),
	('20221001', 6, 4, '2022-10-07 13:38:13', '2022-10-07 13:38:13'),
	('20221001', 7, 4, '2022-10-07 13:38:13', '2022-10-07 13:38:13'),
	('20221001', 8, 4, '2022-10-07 13:38:13', '2022-10-07 13:38:13'),
	('20221001', 9, 4, '2022-10-07 13:38:13', '2022-10-07 13:38:13'),
	('20221001', 10, 4, '2022-10-07 13:38:13', '2022-10-07 13:38:13'),
	('20221002', 1, 4, '2022-10-07 13:38:13', '2022-10-07 13:38:13'),
	('20221002', 2, 4, '2022-10-07 13:38:13', '2022-10-07 13:38:13'),
	('20221002', 3, 4, '2022-10-07 13:38:13', '2022-10-07 13:38:13'),
	('20221002', 4, 4, '2022-10-07 13:38:13', '2022-10-07 13:38:13'),
	('20221002', 5, 4, '2022-10-07 13:38:13', '2022-10-07 13:38:13'),
	('20221002', 6, 4, '2022-10-07 13:38:13', '2022-10-07 13:38:13'),
	('20221002', 7, 4, '2022-10-07 13:38:13', '2022-10-07 13:38:13'),
	('20221002', 8, 4, '2022-10-07 13:38:13', '2022-10-07 13:38:13'),
	('20221002', 9, 4, '2022-10-07 13:38:13', '2022-10-07 13:38:13'),
	('20221002', 10, 4, '2022-10-07 13:38:13', '2022-10-07 13:38:13'),
	('20221003', 1, 4, '2022-10-07 13:38:13', '2022-10-07 13:38:13'),
	('20221003', 2, 4, '2022-10-07 13:38:13', '2022-10-07 13:38:13'),
	('20221003', 3, 4, '2022-10-07 13:38:13', '2022-10-07 13:38:13'),
	('20221003', 4, 4, '2022-10-07 13:38:13', '2022-10-07 13:38:13'),
	('20221003', 5, 4, '2022-10-07 13:38:13', '2022-10-07 13:38:13'),
	('20221003', 6, 4, '2022-10-07 13:38:13', '2022-10-07 13:38:13'),
	('20221003', 7, 4, '2022-10-07 13:38:13', '2022-10-07 13:38:13'),
	('20221003', 8, 4, '2022-10-07 13:38:13', '2022-10-07 13:38:13'),
	('20221003', 9, 4, '2022-10-07 13:38:13', '2022-10-07 13:38:13'),
	('20221003', 10, 4, '2022-10-07 13:38:13', '2022-10-07 13:38:13'),
	('20221004', 1, 4, '2022-10-07 13:38:13', '2022-10-07 13:38:13'),
	('20221004', 2, 4, '2022-10-07 13:38:13', '2022-10-07 13:38:13'),
	('20221004', 3, 4, '2022-10-07 13:38:13', '2022-10-07 13:38:13'),
	('20221004', 4, 4, '2022-10-07 13:38:13', '2022-10-07 13:38:13'),
	('20221004', 5, 4, '2022-10-07 13:38:13', '2022-10-07 13:38:13'),
	('20221004', 6, 4, '2022-10-07 13:38:13', '2022-10-07 13:38:13'),
	('20221004', 7, 4, '2022-10-07 13:38:13', '2022-10-07 13:38:13'),
	('20221004', 8, 4, '2022-10-07 13:38:13', '2022-10-07 13:38:13'),
	('20221004', 9, 4, '2022-10-07 13:38:13', '2022-10-07 13:38:13'),
	('20221004', 10, 4, '2022-10-07 13:38:13', '2022-10-07 13:38:13'),
	('20221005', 1, 4, '2022-10-07 13:38:13', '2022-10-07 13:38:13'),
	('20221005', 2, 4, '2022-10-07 13:38:13', '2022-10-07 13:38:13'),
	('20221005', 3, 4, '2022-10-07 13:38:13', '2022-10-07 13:38:13'),
	('20221005', 4, 4, '2022-10-07 13:38:13', '2022-10-07 13:38:13'),
	('20221005', 5, 4, '2022-10-07 13:38:13', '2022-10-07 13:38:13'),
	('20221005', 6, 4, '2022-10-07 13:38:13', '2022-10-07 13:38:13'),
	('20221005', 7, 4, '2022-10-07 13:38:13', '2022-10-07 13:38:13'),
	('20221005', 8, 4, '2022-10-07 13:38:13', '2022-10-07 13:38:13'),
	('20221005', 9, 4, '2022-10-07 13:38:13', '2022-10-07 13:38:13'),
	('20221005', 10, 4, '2022-10-07 13:38:13', '2022-10-07 13:38:13'),
	('20221006', 1, 4, '2022-10-07 13:38:13', '2022-10-07 13:38:13'),
	('20221006', 2, 4, '2022-10-07 13:38:13', '2022-10-07 13:38:13'),
	('20221006', 3, 4, '2022-10-07 13:38:13', '2022-10-07 13:38:13'),
	('20221006', 4, 4, '2022-10-07 13:38:13', '2022-10-07 13:38:13'),
	('20221006', 5, 4, '2022-10-07 13:38:13', '2022-10-07 13:38:13'),
	('20221006', 6, 4, '2022-10-07 13:38:13', '2022-10-07 13:38:13'),
	('20221006', 7, 4, '2022-10-07 13:38:13', '2022-10-07 13:38:13'),
	('20221006', 8, 4, '2022-10-07 13:38:13', '2022-10-07 13:38:13'),
	('20221006', 9, 4, '2022-10-07 13:38:13', '2022-10-07 13:38:13'),
	('20221006', 10, 4, '2022-10-07 13:38:13', '2022-10-07 13:38:13'),
	('20221007', 1, 4, '2022-10-07 13:38:13', '2022-10-07 13:38:13'),
	('20221007', 2, 4, '2022-10-07 13:38:13', '2022-10-07 13:38:13'),
	('20221007', 3, 4, '2022-10-07 13:38:13', '2022-10-07 13:38:13'),
	('20221007', 4, 4, '2022-10-07 13:38:13', '2022-10-07 13:38:13'),
	('20221007', 5, 4, '2022-10-07 13:38:13', '2022-10-07 13:38:13'),
	('20221007', 6, 4, '2022-10-07 13:38:13', '2022-10-07 13:38:13'),
	('20221007', 7, 4, '2022-10-07 13:38:13', '2022-10-07 13:38:13'),
	('20221007', 8, 4, '2022-10-07 13:38:13', '2022-10-07 13:38:13'),
	('20221007', 9, 4, '2022-10-07 13:38:13', '2022-10-07 13:38:13'),
	('20221007', 10, 4, '2022-10-07 13:38:13', '2022-10-07 13:38:13'),
	('20221008', 1, 4, '2022-10-07 13:38:13', '2022-10-07 13:38:13'),
	('20221008', 2, 4, '2022-10-07 13:38:13', '2022-10-07 13:38:13'),
	('20221008', 3, 4, '2022-10-07 13:38:13', '2022-10-07 13:38:13'),
	('20221008', 4, 4, '2022-10-07 13:38:13', '2022-10-07 13:38:13'),
	('20221008', 5, 4, '2022-10-07 13:38:13', '2022-10-07 13:38:13'),
	('20221008', 6, 4, '2022-10-07 13:38:13', '2022-10-07 13:38:13'),
	('20221008', 7, 4, '2022-10-07 13:38:13', '2022-10-07 13:38:13'),
	('20221008', 8, 4, '2022-10-07 13:38:13', '2022-10-07 13:38:13'),
	('20221008', 9, 4, '2022-10-07 13:38:13', '2022-10-07 13:38:13'),
	('20221008', 10, 4, '2022-10-07 13:38:13', '2022-10-07 13:38:13'),
	('20221009', 1, 4, '2022-10-07 13:38:13', '2022-10-07 13:38:13'),
	('20221009', 2, 4, '2022-10-07 13:38:13', '2022-10-07 13:38:13'),
	('20221009', 3, 4, '2022-10-07 13:38:13', '2022-10-07 13:38:13'),
	('20221009', 4, 4, '2022-10-07 13:38:13', '2022-10-07 13:38:13'),
	('20221009', 5, 4, '2022-10-07 13:38:13', '2022-10-07 13:38:13'),
	('20221009', 6, 4, '2022-10-07 13:38:13', '2022-10-07 13:38:13'),
	('20221009', 7, 4, '2022-10-07 13:38:13', '2022-10-07 13:38:13'),
	('20221009', 8, 4, '2022-10-07 13:38:13', '2022-10-07 13:38:13'),
	('20221009', 9, 4, '2022-10-07 13:38:13', '2022-10-07 13:38:13'),
	('20221009', 10, 4, '2022-10-07 13:38:13', '2022-10-07 13:38:13'),
	('20221010', 1, 4, '2022-10-07 13:38:13', '2022-10-07 13:38:13'),
	('20221010', 2, 4, '2022-10-07 13:38:13', '2022-10-07 13:38:13'),
	('20221010', 3, 4, '2022-10-07 13:38:13', '2022-10-07 13:38:13'),
	('20221010', 4, 4, '2022-10-07 13:38:13', '2022-10-07 13:38:13'),
	('20221010', 5, 4, '2022-10-07 13:38:13', '2022-10-07 13:38:13'),
	('20221010', 6, 4, '2022-10-07 13:38:13', '2022-10-07 13:38:13'),
	('20221010', 7, 4, '2022-10-07 13:38:13', '2022-10-07 13:38:13'),
	('20221010', 8, 4, '2022-10-07 13:38:13', '2022-10-07 13:38:13'),
	('20221010', 9, 4, '2022-10-07 13:38:13', '2022-10-07 13:38:13'),
	('20221010', 10, 4, '2022-10-07 13:38:13', '2022-10-07 13:38:13'),
	('20221011', 1, 4, '2022-10-07 13:38:13', '2022-10-07 13:38:13'),
	('20221011', 2, 4, '2022-10-07 13:38:13', '2022-10-07 13:38:13'),
	('20221011', 3, 4, '2022-10-07 13:38:13', '2022-10-07 13:38:13'),
	('20221011', 4, 4, '2022-10-07 13:38:13', '2022-10-07 13:38:13'),
	('20221011', 5, 4, '2022-10-07 13:38:13', '2022-10-07 13:38:13'),
	('20221011', 6, 4, '2022-10-07 13:38:13', '2022-10-07 13:38:13'),
	('20221011', 7, 4, '2022-10-07 13:38:13', '2022-10-07 13:38:13'),
	('20221011', 8, 4, '2022-10-07 13:38:13', '2022-10-07 13:38:13'),
	('20221011', 9, 4, '2022-10-07 13:38:13', '2022-10-07 13:38:13'),
	('20221011', 10, 4, '2022-10-07 13:38:13', '2022-10-07 13:38:13'),
	('20221012', 1, 4, '2022-10-07 13:38:13', '2022-10-07 13:38:13'),
	('20221012', 2, 4, '2022-10-07 13:38:13', '2022-10-07 13:38:13'),
	('20221012', 3, 4, '2022-10-07 13:38:13', '2022-10-07 13:38:13'),
	('20221012', 4, 4, '2022-10-07 13:38:13', '2022-10-07 13:38:13'),
	('20221012', 5, 4, '2022-10-07 13:38:13', '2022-10-07 13:38:13'),
	('20221012', 6, 4, '2022-10-07 13:38:13', '2022-10-07 13:38:13'),
	('20221012', 7, 4, '2022-10-07 13:38:13', '2022-10-07 13:38:13'),
	('20221012', 8, 4, '2022-10-07 13:38:13', '2022-10-07 13:38:13'),
	('20221012', 9, 4, '2022-10-07 13:38:13', '2022-10-07 13:38:13'),
	('20221012', 10, 4, '2022-10-07 13:38:13', '2022-10-07 13:38:13'),
	('20221013', 1, 4, '2022-10-07 13:38:13', '2022-10-07 13:38:13'),
	('20221013', 2, 4, '2022-10-07 13:38:13', '2022-10-07 13:38:13'),
	('20221013', 3, 4, '2022-10-07 13:38:13', '2022-10-07 13:38:13'),
	('20221013', 4, 4, '2022-10-07 13:38:13', '2022-10-07 13:38:13'),
	('20221013', 5, 4, '2022-10-07 13:38:13', '2022-10-07 13:38:13'),
	('20221013', 6, 4, '2022-10-07 13:38:13', '2022-10-07 13:38:13'),
	('20221013', 7, 4, '2022-10-07 13:38:13', '2022-10-07 13:38:13'),
	('20221013', 8, 4, '2022-10-07 13:38:13', '2022-10-07 13:38:13'),
	('20221013', 9, 4, '2022-10-07 13:38:13', '2022-10-07 13:38:13'),
	('20221013', 10, 4, '2022-10-07 13:38:13', '2022-10-07 13:38:13'),
	('20221014', 1, 4, '2022-10-07 13:38:13', '2022-10-07 13:38:13'),
	('20221014', 2, 4, '2022-10-07 13:38:13', '2022-10-07 13:38:13'),
	('20221014', 3, 4, '2022-10-07 13:38:13', '2022-10-07 13:38:13'),
	('20221014', 4, 4, '2022-10-07 13:38:13', '2022-10-07 13:38:13'),
	('20221014', 5, 4, '2022-10-07 13:38:13', '2022-10-07 13:38:13'),
	('20221014', 6, 4, '2022-10-07 13:38:13', '2022-10-07 13:38:13'),
	('20221014', 7, 4, '2022-10-07 13:38:13', '2022-10-07 13:38:13'),
	('20221014', 8, 4, '2022-10-07 13:38:13', '2022-10-07 13:38:13'),
	('20221014', 9, 4, '2022-10-07 13:38:13', '2022-10-07 13:38:13'),
	('20221014', 10, 4, '2022-10-07 13:38:13', '2022-10-07 13:38:13'),
	('20221015', 1, 4, '2022-10-07 13:38:13', '2022-10-07 13:38:13'),
	('20221015', 2, 4, '2022-10-07 13:38:13', '2022-10-07 13:38:13'),
	('20221015', 3, 4, '2022-10-07 13:38:13', '2022-10-07 13:38:13'),
	('20221015', 4, 4, '2022-10-07 13:38:13', '2022-10-07 13:38:13'),
	('20221015', 5, 4, '2022-10-07 13:38:13', '2022-10-07 13:38:13'),
	('20221015', 6, 4, '2022-10-07 13:38:13', '2022-10-07 13:38:13'),
	('20221015', 7, 4, '2022-10-07 13:38:13', '2022-10-07 13:38:13'),
	('20221015', 8, 4, '2022-10-07 13:38:13', '2022-10-07 13:38:13'),
	('20221015', 9, 4, '2022-10-07 13:38:13', '2022-10-07 13:38:13'),
	('20221015', 10, 4, '2022-10-07 13:38:13', '2022-10-07 13:38:13'),
	('20221016', 1, 4, '2022-10-07 13:38:13', '2022-10-07 13:38:13'),
	('20221016', 2, 4, '2022-10-07 13:38:13', '2022-10-07 13:38:13'),
	('20221016', 3, 4, '2022-10-07 13:38:13', '2022-10-07 13:38:13'),
	('20221016', 4, 4, '2022-10-07 13:38:13', '2022-10-07 13:38:13'),
	('20221016', 5, 4, '2022-10-07 13:38:13', '2022-10-07 13:38:13'),
	('20221016', 6, 4, '2022-10-07 13:38:13', '2022-10-07 13:38:13'),
	('20221016', 7, 4, '2022-10-07 13:38:13', '2022-10-07 13:38:13'),
	('20221016', 8, 4, '2022-10-07 13:38:13', '2022-10-07 13:38:13'),
	('20221016', 9, 4, '2022-10-07 13:38:13', '2022-10-07 13:38:13'),
	('20221016', 10, 4, '2022-10-07 13:38:13', '2022-10-07 13:38:13'),
	('20221017', 1, 4, '2022-10-07 13:38:13', '2022-10-07 13:38:13'),
	('20221017', 2, 4, '2022-10-07 13:38:13', '2022-10-07 13:38:13'),
	('20221017', 3, 4, '2022-10-07 13:38:13', '2022-10-07 13:38:13'),
	('20221017', 4, 4, '2022-10-07 13:38:13', '2022-10-07 13:38:13'),
	('20221017', 5, 4, '2022-10-07 13:38:13', '2022-10-07 13:38:13'),
	('20221017', 6, 4, '2022-10-07 13:38:13', '2022-10-07 13:38:13'),
	('20221017', 7, 4, '2022-10-07 13:38:13', '2022-10-07 13:38:13'),
	('20221017', 8, 4, '2022-10-07 13:38:13', '2022-10-07 13:38:13'),
	('20221017', 9, 4, '2022-10-07 13:38:13', '2022-10-07 13:38:13'),
	('20221017', 10, 4, '2022-10-07 13:38:13', '2022-10-07 13:38:13'),
	('20221018', 1, 4, '2022-10-07 13:38:13', '2022-10-07 13:38:13'),
	('20221018', 2, 4, '2022-10-07 13:38:13', '2022-10-07 13:38:13'),
	('20221018', 3, 4, '2022-10-07 13:38:13', '2022-10-07 13:38:13'),
	('20221018', 4, 4, '2022-10-07 13:38:13', '2022-10-07 13:38:13'),
	('20221018', 5, 4, '2022-10-07 13:38:13', '2022-10-07 13:38:13'),
	('20221018', 6, 4, '2022-10-07 13:38:13', '2022-10-07 13:38:13'),
	('20221018', 7, 4, '2022-10-07 13:38:13', '2022-10-07 13:38:13'),
	('20221018', 8, 4, '2022-10-07 13:38:13', '2022-10-07 13:38:13'),
	('20221018', 9, 4, '2022-10-07 13:38:13', '2022-10-07 13:38:13'),
	('20221018', 10, 4, '2022-10-07 13:38:13', '2022-10-07 13:38:13'),
	('20221019', 1, 4, '2022-10-07 13:38:13', '2022-10-07 13:38:13'),
	('20221019', 2, 4, '2022-10-07 13:38:13', '2022-10-07 13:38:13'),
	('20221019', 3, 4, '2022-10-07 13:38:13', '2022-10-07 13:38:13'),
	('20221019', 4, 4, '2022-10-07 13:38:13', '2022-10-07 13:38:13'),
	('20221019', 5, 4, '2022-10-07 13:38:13', '2022-10-07 13:38:13'),
	('20221019', 6, 4, '2022-10-07 13:38:13', '2022-10-07 13:38:13'),
	('20221019', 7, 4, '2022-10-07 13:38:13', '2022-10-07 13:38:13'),
	('20221019', 8, 4, '2022-10-07 13:38:13', '2022-10-07 13:38:13'),
	('20221019', 9, 4, '2022-10-07 13:38:13', '2022-10-07 13:38:13'),
	('20221019', 10, 4, '2022-10-07 13:38:13', '2022-10-07 13:38:13'),
	('20221020', 1, 4, '2022-10-07 13:38:13', '2022-10-07 13:38:13'),
	('20221020', 2, 4, '2022-10-07 13:38:13', '2022-10-07 13:38:13'),
	('20221020', 3, 4, '2022-10-07 13:38:13', '2022-10-07 13:38:13'),
	('20221020', 4, 4, '2022-10-07 13:38:13', '2022-10-07 13:38:13'),
	('20221020', 5, 4, '2022-10-07 13:38:13', '2022-10-07 13:38:13'),
	('20221020', 6, 4, '2022-10-07 13:38:13', '2022-10-07 13:38:13'),
	('20221020', 7, 4, '2022-10-07 13:38:13', '2022-10-07 13:38:13'),
	('20221020', 8, 4, '2022-10-07 13:38:13', '2022-10-07 13:38:13'),
	('20221020', 9, 4, '2022-10-07 13:38:13', '2022-10-07 13:38:13'),
	('20221020', 10, 4, '2022-10-07 13:38:13', '2022-10-07 13:38:13'),
	('20221021', 1, 4, '2022-10-07 13:38:13', '2022-10-07 13:38:13'),
	('20221021', 2, 4, '2022-10-07 13:38:13', '2022-10-07 13:38:13'),
	('20221021', 3, 4, '2022-10-07 13:38:13', '2022-10-07 13:38:13'),
	('20221021', 4, 4, '2022-10-07 13:38:13', '2022-10-07 13:38:13'),
	('20221021', 5, 4, '2022-10-07 13:38:13', '2022-10-07 13:38:13'),
	('20221021', 6, 4, '2022-10-07 13:38:13', '2022-10-07 13:38:13'),
	('20221021', 7, 4, '2022-10-07 13:38:13', '2022-10-07 13:38:13'),
	('20221021', 8, 4, '2022-10-07 13:38:13', '2022-10-07 13:38:13'),
	('20221021', 9, 4, '2022-10-07 13:38:13', '2022-10-07 13:38:13'),
	('20221021', 10, 4, '2022-10-07 13:38:13', '2022-10-07 13:38:13'),
	('20221022', 1, 4, '2022-10-07 13:38:13', '2022-10-07 13:38:13'),
	('20221022', 2, 4, '2022-10-07 13:38:13', '2022-10-07 13:38:13'),
	('20221022', 3, 4, '2022-10-07 13:38:13', '2022-10-07 13:38:13'),
	('20221022', 4, 4, '2022-10-07 13:38:13', '2022-10-07 13:38:13'),
	('20221022', 5, 4, '2022-10-07 13:38:13', '2022-10-07 13:38:13'),
	('20221022', 6, 4, '2022-10-07 13:38:13', '2022-10-07 13:38:13'),
	('20221022', 7, 4, '2022-10-07 13:38:13', '2022-10-07 13:38:13'),
	('20221022', 8, 4, '2022-10-07 13:38:13', '2022-10-07 13:38:13'),
	('20221022', 9, 4, '2022-10-07 13:38:13', '2022-10-07 13:38:13'),
	('20221022', 10, 4, '2022-10-07 13:38:13', '2022-10-07 13:38:13'),
	('20221023', 1, 4, '2022-10-07 13:38:13', '2022-10-07 13:38:13'),
	('20221023', 2, 4, '2022-10-07 13:38:13', '2022-10-07 13:38:13'),
	('20221023', 3, 4, '2022-10-07 13:38:13', '2022-10-07 13:38:13'),
	('20221023', 4, 4, '2022-10-07 13:38:13', '2022-10-07 13:38:13'),
	('20221023', 5, 4, '2022-10-07 13:38:13', '2022-10-07 13:38:13'),
	('20221023', 6, 4, '2022-10-07 13:38:13', '2022-10-07 13:38:13'),
	('20221023', 7, 4, '2022-10-07 13:38:13', '2022-10-07 13:38:13'),
	('20221023', 8, 4, '2022-10-07 13:38:13', '2022-10-07 13:38:13'),
	('20221023', 9, 4, '2022-10-07 13:38:13', '2022-10-07 13:38:13'),
	('20221023', 10, 4, '2022-10-07 13:38:13', '2022-10-07 13:38:13'),
	('20221024', 1, 4, '2022-10-07 13:38:13', '2022-10-07 13:38:13'),
	('20221024', 2, 4, '2022-10-07 13:38:13', '2022-10-07 13:38:13'),
	('20221024', 3, 4, '2022-10-07 13:38:13', '2022-10-07 13:38:13'),
	('20221024', 4, 4, '2022-10-07 13:38:13', '2022-10-07 13:38:13'),
	('20221024', 5, 4, '2022-10-07 13:38:13', '2022-10-07 13:38:13'),
	('20221024', 6, 4, '2022-10-07 13:38:13', '2022-10-07 13:38:13'),
	('20221024', 7, 4, '2022-10-07 13:38:13', '2022-10-07 13:38:13'),
	('20221024', 8, 4, '2022-10-07 13:38:13', '2022-10-07 13:38:13'),
	('20221024', 9, 4, '2022-10-07 13:38:13', '2022-10-07 13:38:13'),
	('20221024', 10, 4, '2022-10-07 13:38:13', '2022-10-07 13:38:13'),
	('20221025', 1, 4, '2022-10-07 13:38:13', '2022-10-07 13:38:13'),
	('20221025', 2, 4, '2022-10-07 13:38:13', '2022-10-07 13:38:13'),
	('20221025', 3, 4, '2022-10-07 13:38:13', '2022-10-07 13:38:13'),
	('20221025', 4, 4, '2022-10-07 13:38:13', '2022-10-07 13:38:13'),
	('20221025', 5, 4, '2022-10-07 13:38:13', '2022-10-07 13:38:13'),
	('20221025', 6, 4, '2022-10-07 13:38:13', '2022-10-07 13:38:13'),
	('20221025', 7, 4, '2022-10-07 13:38:13', '2022-10-07 13:38:13'),
	('20221025', 8, 4, '2022-10-07 13:38:13', '2022-10-07 13:38:13'),
	('20221025', 9, 4, '2022-10-07 13:38:13', '2022-10-07 13:38:13'),
	('20221025', 10, 4, '2022-10-07 13:38:13', '2022-10-07 13:38:13'),
	('20221026', 1, 4, '2022-10-07 13:38:13', '2022-10-07 13:38:13'),
	('20221026', 2, 4, '2022-10-07 13:38:13', '2022-10-07 13:38:13'),
	('20221026', 3, 4, '2022-10-07 13:38:13', '2022-10-07 13:38:13'),
	('20221026', 4, 4, '2022-10-07 13:38:13', '2022-10-07 13:38:13'),
	('20221026', 5, 4, '2022-10-07 13:38:13', '2022-10-07 13:38:13'),
	('20221026', 6, 4, '2022-10-07 13:38:13', '2022-10-07 13:38:13'),
	('20221026', 7, 4, '2022-10-07 13:38:13', '2022-10-07 13:38:13'),
	('20221026', 8, 4, '2022-10-07 13:38:13', '2022-10-07 13:38:13'),
	('20221026', 9, 4, '2022-10-07 13:38:13', '2022-10-07 13:38:13'),
	('20221026', 10, 4, '2022-10-07 13:38:13', '2022-10-07 13:38:13'),
	('20221027', 1, 4, '2022-10-07 13:38:13', '2022-10-07 13:38:13'),
	('20221027', 2, 4, '2022-10-07 13:38:13', '2022-10-07 13:38:13'),
	('20221027', 3, 4, '2022-10-07 13:38:13', '2022-10-07 13:38:13'),
	('20221027', 4, 4, '2022-10-07 13:38:13', '2022-10-07 13:38:13'),
	('20221027', 5, 4, '2022-10-07 13:38:13', '2022-10-07 13:38:13'),
	('20221027', 6, 4, '2022-10-07 13:38:13', '2022-10-07 13:38:13'),
	('20221027', 7, 4, '2022-10-07 13:38:13', '2022-10-07 13:38:13'),
	('20221027', 8, 4, '2022-10-07 13:38:13', '2022-10-07 13:38:13'),
	('20221027', 9, 4, '2022-10-07 13:38:13', '2022-10-07 13:38:13'),
	('20221027', 10, 4, '2022-10-07 13:38:13', '2022-10-07 13:38:13'),
	('20221028', 1, 4, '2022-10-07 13:38:13', '2022-10-07 13:38:13'),
	('20221028', 2, 4, '2022-10-07 13:38:13', '2022-10-07 13:38:13'),
	('20221028', 3, 4, '2022-10-07 13:38:13', '2022-10-07 13:38:13'),
	('20221028', 4, 4, '2022-10-07 13:38:13', '2022-10-07 13:38:13'),
	('20221028', 5, 4, '2022-10-07 13:38:13', '2022-10-07 13:38:13'),
	('20221028', 6, 4, '2022-10-07 13:38:13', '2022-10-07 13:38:13'),
	('20221028', 7, 4, '2022-10-07 13:38:13', '2022-10-07 13:38:13'),
	('20221028', 8, 4, '2022-10-07 13:38:13', '2022-10-07 13:38:13'),
	('20221028', 9, 4, '2022-10-07 13:38:13', '2022-10-07 13:38:13'),
	('20221028', 10, 4, '2022-10-07 13:38:13', '2022-10-07 13:38:13'),
	('20221029', 1, 4, '2022-10-07 13:38:13', '2022-10-07 13:38:13'),
	('20221029', 2, 4, '2022-10-07 13:38:13', '2022-10-07 13:38:13'),
	('20221029', 3, 4, '2022-10-07 13:38:13', '2022-10-07 13:38:13'),
	('20221029', 4, 4, '2022-10-07 13:38:13', '2022-10-07 13:38:13'),
	('20221029', 5, 4, '2022-10-07 13:38:13', '2022-10-07 13:38:13'),
	('20221029', 6, 4, '2022-10-07 13:38:13', '2022-10-07 13:38:13'),
	('20221029', 7, 4, '2022-10-07 13:38:13', '2022-10-07 13:38:13'),
	('20221029', 8, 4, '2022-10-07 13:38:13', '2022-10-07 13:38:13'),
	('20221029', 9, 4, '2022-10-07 13:38:13', '2022-10-07 13:38:13'),
	('20221029', 10, 4, '2022-10-07 13:38:13', '2022-10-07 13:38:13'),
	('20221030', 1, 4, '2022-10-07 13:38:13', '2022-10-07 13:38:13'),
	('20221030', 2, 4, '2022-10-07 13:38:13', '2022-10-07 13:38:13'),
	('20221030', 3, 4, '2022-10-07 13:38:13', '2022-10-07 13:38:13'),
	('20221030', 4, 4, '2022-10-07 13:38:13', '2022-10-07 13:38:13'),
	('20221030', 5, 4, '2022-10-07 13:38:13', '2022-10-07 13:38:13'),
	('20221030', 6, 4, '2022-10-07 13:38:13', '2022-10-07 13:38:13'),
	('20221030', 7, 4, '2022-10-07 13:38:13', '2022-10-07 13:38:13'),
	('20221030', 8, 4, '2022-10-07 13:38:13', '2022-10-07 13:38:13'),
	('20221030', 9, 4, '2022-10-07 13:38:13', '2022-10-07 13:38:13'),
	('20221030', 10, 4, '2022-10-07 13:38:13', '2022-10-07 13:38:13'),
	('20221031', 1, 4, '2022-10-07 13:38:13', '2022-10-07 13:38:13'),
	('20221031', 2, 4, '2022-10-07 13:38:13', '2022-10-07 13:38:13'),
	('20221031', 3, 4, '2022-10-07 13:38:13', '2022-10-07 13:38:13'),
	('20221031', 4, 4, '2022-10-07 13:38:13', '2022-10-07 13:38:13'),
	('20221031', 5, 4, '2022-10-07 13:38:13', '2022-10-07 13:38:13'),
	('20221031', 6, 4, '2022-10-07 13:38:13', '2022-10-07 13:38:13'),
	('20221031', 7, 4, '2022-10-07 13:38:13', '2022-10-07 13:38:13'),
	('20221031', 8, 4, '2022-10-07 13:38:13', '2022-10-07 13:38:13'),
	('20221031', 9, 4, '2022-10-07 13:38:13', '2022-10-07 13:38:13'),
	('20221031', 10, 4, '2022-10-07 13:38:13', '2022-10-07 13:38:13');
/*!40000 ALTER TABLE `syutaikin` ENABLE KEYS */;

--  テーブル csiisysdb2.tg_setting の構造をダンプしています
CREATE TABLE IF NOT EXISTS `tg_setting` (
  `category1` int(11) NOT NULL,
  `category2` int(11) NOT NULL,
  `category3` int(11) NOT NULL,
  `value1` varchar(100) COLLATE utf8mb3_unicode_ci NOT NULL,
  `value2` varchar(100) COLLATE utf8mb3_unicode_ci DEFAULT NULL,
  `value3` varchar(100) COLLATE utf8mb3_unicode_ci DEFAULT NULL,
  `value4` varchar(100) COLLATE utf8mb3_unicode_ci DEFAULT NULL,
  `value5` varchar(100) COLLATE utf8mb3_unicode_ci DEFAULT NULL,
  PRIMARY KEY (`category1`,`category2`,`category3`)
) ENGINE=InnoDB DEFAULT CHARSET=utf8mb3 COLLATE=utf8mb3_unicode_ci;

-- テーブル csiisysdb2.tg_setting: ~139 rows (約) のデータをダンプしています
/*!40000 ALTER TABLE `tg_setting` DISABLE KEYS */;
INSERT INTO `tg_setting` (`category1`, `category2`, `category3`, `value1`, `value2`, `value3`, `value4`, `value5`) VALUES
	(1, 1, 1, '株式会社ブライトスター', 'BRIGHT STAR CO., LTD.', 'http://www.brightstar.co.jp', '星川', '一輝'),
	(1, 1, 2, '332-0016', '東京都新宿区高田馬場4-13-10', 'カワイビル2F', '', ''),
	(1, 1, 3, '03-5332-8898', '03-5332-8897', 'info1@brightstar.co.jp', '呉', '艶'),
	(1, 1, 4, '見積書Temp.xlsx', '請求書Temp.xlsx', '注文書Temp.xlsx', '', ''),
	(1, 2, 1, '株式会社トップクラウド', 'TOP CLOUD CO., LTD.', 'http://www.geocities.jp/kk_topcloud/', '星川', '一輝'),
	(1, 2, 2, '332-0016', '東京都新宿区高田馬場4-13-10', 'カワイビル2F', '', ''),
	(1, 2, 3, '03-5332-8898', '03-5332-8897', 'kk_topcloud@yahoo.co.jp', '呉', '艶'),
	(1, 2, 4, '見積書Temp2.xlsx', '請求書Temp2.xlsx', '注文書Temp2.xlsx', '', ''),
	(2, 1, 1, '\\\\192.168.11.88\\会社共有（it）\\社内管理', '', '', '', ''),
	(2, 1, 2, '受注管理', '', '', '', ''),
	(2, 1, 3, '外注発行', '', '', '', ''),
	(2, 1, 4, '請求作成', '', '', '', ''),
	(2, 1, 5, '見積作成', '', '', '', ''),
	(2, 2, 1, '\\\\192.168.11.88会社共有（it）\\社内管理Template', '', '', '', ''),
	(2, 3, 1, '見積書', '', '', '', ''),
	(2, 3, 2, '発注書', '', '', '', ''),
	(2, 3, 3, '請求書', '', '', '', ''),
	(2, 3, 4, '作業実績報告書', '', '', '', ''),
	(3, 1, 1, '中国', '', '', '', ''),
	(3, 1, 2, '日本', '', '', '', ''),
	(3, 1, 3, '韓国', '', '', '', ''),
	(3, 1, 4, 'ベトナム', '', '', '', ''),
	(3, 1, 5, 'ミャンマー', '', '', '', ''),
	(3, 2, 1, '1', '', '', '', ''),
	(3, 2, 2, '3', '', '', '', ''),
	(3, 2, 3, '5', '', '', '', ''),
	(3, 3, 1, '日本国籍', '', '', '', ''),
	(3, 3, 2, '永住者', '', '', '', ''),
	(3, 3, 3, '技術・人文知識・国際業務', '', '', '', ''),
	(3, 3, 4, '企業内転勤', '', '', '', ''),
	(3, 3, 5, '日本人の配偶者等', '', '', '', ''),
	(3, 3, 6, '永住者の配偶者等', '', '', '', ''),
	(3, 3, 7, '定住者', '', '', '', ''),
	(3, 3, 8, 'その他', '', '', '', ''),
	(3, 4, 1, '役員', '', '', '', ''),
	(3, 4, 2, '総務', '', '', '', ''),
	(3, 4, 3, 'IT営業', '', '', '', ''),
	(3, 4, 4, 'ITエンジニア', '', '', '', ''),
	(3, 4, 5, '不動産スタッフ', '', '', '', ''),
	(3, 4, 6, '個人事業主', '', '', '', ''),
	(3, 5, 1, '大学院（博士）', '', '', '', ''),
	(3, 5, 2, '大学院（修士）', '', '', '', ''),
	(3, 5, 3, '大学', '', '', '', ''),
	(3, 5, 4, '短期大学', '', '', '', ''),
	(3, 5, 5, '専門学校', '', '', '', ''),
	(3, 5, 6, '高等学校', '', '', '', ''),
	(3, 5, 7, '中学校', '', '', '', ''),
	(3, 5, 8, 'その他', '', '', '', ''),
	(3, 6, 1, 'DOS', '', '', '', ''),
	(3, 6, 2, 'Windows', '', '', '', ''),
	(3, 6, 3, 'Unix', '', '', '', ''),
	(3, 6, 4, 'Linux', '', '', '', ''),
	(3, 6, 5, 'andriod', '', '', '', ''),
	(3, 6, 6, 'IOS', '', '', '', ''),
	(3, 7, 1, 'C', '', '', '', ''),
	(3, 7, 2, 'ProC', '', '', '', ''),
	(3, 7, 3, 'C++', '', '', '', ''),
	(3, 7, 4, 'VC++', '', '', '', ''),
	(3, 7, 5, 'C#', '', '', '', ''),
	(3, 7, 6, 'C#.net', '', '', '', ''),
	(3, 7, 7, 'VB', '', '', '', ''),
	(3, 7, 8, 'VB.net', '', '', '', ''),
	(3, 7, 9, 'ASP', '', '', '', ''),
	(3, 7, 10, 'ASP.net', '', '', '', ''),
	(3, 7, 11, 'Java', '', '', '', ''),
	(3, 7, 12, 'JSP', '', '', '', ''),
	(3, 7, 13, 'PHP', '', '', '', ''),
	(3, 7, 14, 'HTML', '', '', '', ''),
	(3, 7, 15, 'XML', '', '', '', ''),
	(3, 7, 16, 'JavaScript', '', '', '', ''),
	(3, 7, 17, 'VBScript', '', '', '', ''),
	(3, 7, 18, 'Jquery', '', '', '', ''),
	(3, 7, 19, 'ProjectC', '', '', '', ''),
	(3, 7, 20, 'PL/SQL', '', '', '', ''),
	(3, 7, 21, 'Python', '', '', '', ''),
	(3, 7, 22, 'Shell', '', '', '', ''),
	(3, 7, 23, 'ABAP', '', '', '', ''),
	(3, 8, 1, 'Oracle', '', '', '', ''),
	(3, 8, 2, 'SQLServer', '', '', '', ''),
	(3, 8, 3, 'DB2', '', '', '', ''),
	(3, 8, 4, 'MySql', '', '', '', ''),
	(3, 8, 5, 'PostgreSQL', '', '', '', ''),
	(3, 8, 6, 'SQLite', '', '', '', ''),
	(3, 8, 7, 'Access', '', '', '', ''),
	(3, 8, 8, 'NoSQL', '', '', '', ''),
	(3, 8, 9, 'MongoDB', '', '', '', ''),
	(3, 9, 1, 'WebLogic', '', '', '', ''),
	(3, 9, 2, 'Apache ', '', '', '', ''),
	(3, 9, 3, 'IIS', '', '', '', ''),
	(3, 9, 4, 'LotusNotes', '', '', '', ''),
	(3, 10, 1, 'Struts', '', '', '', ''),
	(3, 10, 2, 'WebWork', '', '', '', ''),
	(3, 10, 3, 'Spring', '', '', '', ''),
	(3, 10, 4, 'Hibernate', '', '', '', ''),
	(3, 10, 5, 'Seasar2', '', '', '', ''),
	(3, 10, 6, 'Junit', '', '', '', ''),
	(3, 11, 1, 'Eclipse', '', '', '', ''),
	(3, 11, 2, '.NET', '', '', '', ''),
	(3, 11, 3, 'Ultra Edit', '', '', '', ''),
	(3, 11, 4, 'Object Brower', '', '', '', ''),
	(3, 11, 5, 'PL/SQL Devloper', '', '', '', ''),
	(3, 11, 6, 'sql developer', '', '', '', ''),
	(3, 11, 7, 'Tomcat', '', '', '', ''),
	(3, 12, 1, '銀行', '', '', '', ''),
	(3, 12, 2, '証券', '', '', '', ''),
	(3, 12, 3, '保険', '', '', '', ''),
	(3, 12, 4, '物流', '', '', '', ''),
	(3, 12, 5, '販売', '', '', '', ''),
	(3, 12, 6, '生産管理', '', '', '', ''),
	(3, 12, 7, '公共機関', '', '', '', ''),
	(3, 12, 8, '医療・介護', '', '', '', ''),
	(3, 12, 9, '教育機関', '', '', '', ''),
	(3, 12, 10, '不動産', '', '', '', ''),
	(3, 12, 11, '商社', '', '', '', ''),
	(3, 13, 1, 'PM', '', '', '', ''),
	(3, 13, 2, 'PMO', '', '', '', ''),
	(3, 13, 3, 'TL', '', '', '', ''),
	(3, 13, 4, 'PL', '', '', '', ''),
	(3, 13, 5, 'SE', '', '', '', ''),
	(3, 13, 6, 'PG', '', '', '', ''),
	(3, 13, 7, 'TESTER', '', '', '', ''),
	(4, 1, 1, '20', '', '', '', ''),
	(4, 2, 1, '25', '', '', '', ''),
	(5, 1, 1, '30', '', '', '', ''),
	(5, 1, 2, '35', '', '', '', ''),
	(5, 1, 3, '40', '', '', '', ''),
	(5, 1, 4, '45', '', '', '', ''),
	(5, 1, 5, '50', '', '', '', ''),
	(5, 1, 6, '55', '', '', '', ''),
	(5, 1, 7, '60', '', '', '', ''),
	(5, 2, 1, '45', '', '', '', ''),
	(5, 2, 2, '60', '', '', '', ''),
	(5, 3, 1, '労働者派遣', '', '', '', ''),
	(5, 3, 2, '労働者請負', '', '', '', ''),
	(5, 3, 3, '在籍出向', '', '', '', ''),
	(6, 1, 1, '出勤(10:00-18:00)', NULL, NULL, NULL, NULL),
	(6, 1, 2, '午前(10:00-12:00)', NULL, NULL, NULL, NULL),
	(6, 1, 3, '午後(13:00-18:00)', NULL, NULL, NULL, NULL),
	(6, 1, 4, '欠勤', NULL, NULL, NULL, NULL);
/*!40000 ALTER TABLE `tg_setting` ENABLE KEYS */;

--  テーブル csiisysdb2.torihikisaki_main の構造をダンプしています
CREATE TABLE IF NOT EXISTS `torihikisaki_main` (
  `TORIHIKI_ID` int(11) NOT NULL AUTO_INCREMENT,
  `TORIHIKI_NAME_ALL` varchar(50) COLLATE utf8mb3_unicode_ci NOT NULL,
  `TORIHIKI_NAME_RYAKU` varchar(30) COLLATE utf8mb3_unicode_ci NOT NULL,
  `YUUBIN` varchar(8) COLLATE utf8mb3_unicode_ci NOT NULL,
  `JYUSYO_1` varchar(100) COLLATE utf8mb3_unicode_ci NOT NULL,
  `JYUSYO_2` varchar(100) COLLATE utf8mb3_unicode_ci DEFAULT NULL,
  `TEL` varchar(15) COLLATE utf8mb3_unicode_ci DEFAULT NULL,
  `FAX` varchar(15) COLLATE utf8mb3_unicode_ci DEFAULT NULL,
  `URL` varchar(100) COLLATE utf8mb3_unicode_ci DEFAULT NULL,
  `BIKOU` varchar(255) COLLATE utf8mb3_unicode_ci DEFAULT NULL,
  `DELETE_FLAG` int(11) NOT NULL,
  `TOUROKUBI` datetime DEFAULT NULL,
  `KOUSINNBI` datetime DEFAULT NULL,
  PRIMARY KEY (`TORIHIKI_ID`)
) ENGINE=InnoDB AUTO_INCREMENT=3 DEFAULT CHARSET=utf8mb3 COLLATE=utf8mb3_unicode_ci;

-- テーブル csiisysdb2.torihikisaki_main: ~2 rows (約) のデータをダンプしています
/*!40000 ALTER TABLE `torihikisaki_main` DISABLE KEYS */;
INSERT INTO `torihikisaki_main` (`TORIHIKI_ID`, `TORIHIKI_NAME_ALL`, `TORIHIKI_NAME_RYAKU`, `YUUBIN`, `JYUSYO_1`, `JYUSYO_2`, `TEL`, `FAX`, `URL`, `BIKOU`, `DELETE_FLAG`, `TOUROKUBI`, `KOUSINNBI`) VALUES
	(1, '旭商事株式会社', '旭', '111111', '東京', '台東区', '12345678', '12345678', 'www.aaa.com', NULL, 0, '2022-10-12 15:50:37', '2022-10-12 15:50:38'),
	(2, '野田株式会社', '野田', '22222', '千葉', '美浜区', '765432', '876543', 'www.vvv.vo', NULL, 0, '2022-10-12 15:50:37', '2022-10-12 15:51:38');
/*!40000 ALTER TABLE `torihikisaki_main` ENABLE KEYS */;

--  テーブル csiisysdb2.torihikisaki_tantou の構造をダンプしています
CREATE TABLE IF NOT EXISTS `torihikisaki_tantou` (
  `TANTOU_ID` int(11) NOT NULL AUTO_INCREMENT,
  `TORIHIKI_ID` int(11) NOT NULL,
  `FIRST_NAME` varchar(20) NOT NULL,
  `LAST_NAME` varchar(20) NOT NULL,
  `SYOZOKU` varchar(50) DEFAULT NULL,
  `YAKUSYOKU` varchar(50) DEFAULT NULL,
  `MAIL` varchar(100) DEFAULT NULL,
  `TEL` varchar(15) DEFAULT NULL,
  `JIMU_MAIL` int(11) DEFAULT NULL,
  `BIKOU` varchar(255) DEFAULT NULL,
  PRIMARY KEY (`TANTOU_ID`,`TORIHIKI_ID`) USING BTREE
) ENGINE=InnoDB AUTO_INCREMENT=15 DEFAULT CHARSET=ujis;

-- テーブル csiisysdb2.torihikisaki_tantou: ~4 rows (約) のデータをダンプしています
/*!40000 ALTER TABLE `torihikisaki_tantou` DISABLE KEYS */;
INSERT INTO `torihikisaki_tantou` (`TANTOU_ID`, `TORIHIKI_ID`, `FIRST_NAME`, `LAST_NAME`, `SYOZOKU`, `YAKUSYOKU`, `MAIL`, `TEL`, `JIMU_MAIL`, `BIKOU`) VALUES
	(1, 1, '田中', '誠', '管理部', '役員', 'gg@co.jp', '76543', 1, NULL),
	(1, 2, '富士', '理恵', '営業部', '役員', 'gg@co.jp', '76543', 1, NULL),
	(2, 1, '金場', '安', '営業部', '役員', 'gg@co.jp', '76543', 1, NULL),
	(2, 2, '渡辺', '恵子', '営業部', '役員', 'gg@co.jp', '76543', 1, NULL);
/*!40000 ALTER TABLE `torihikisaki_tantou` ENABLE KEYS */;

--  テーブル csiisysdb2.t_student の構造をダンプしています
CREATE TABLE IF NOT EXISTS `t_student` (
  `id` int(11) NOT NULL,
  `name` varchar(50) NOT NULL,
  `sex` int(11) DEFAULT NULL,
  `class` int(11) DEFAULT NULL,
  `sansuwu` int(11) DEFAULT NULL,
  `kokugo` int(11) DEFAULT NULL,
  `adress` varchar(50) DEFAULT NULL,
  `birthday` date DEFAULT NULL,
  `TOUROKUBI` datetime NOT NULL,
  `KOUSINNBI` datetime NOT NULL,
  PRIMARY KEY (`id`) USING BTREE
) ENGINE=InnoDB DEFAULT CHARSET=sjis;

-- テーブル csiisysdb2.t_student: ~189 rows (約) のデータをダンプしています
/*!40000 ALTER TABLE `t_student` DISABLE KEYS */;
INSERT INTO `t_student` (`id`, `name`, `sex`, `class`, `sansuwu`, `kokugo`, `adress`, `birthday`, `TOUROKUBI`, `KOUSINNBI`) VALUES
	(30, '周', 1, 3, 80, 89, '東京都', '1996-01-05', '2021-10-25 00:00:00', '2023-07-05 16:16:11'),
	(31, '張三', 1, 4, 95, 97, '東京都', '1999-10-25', '2021-10-25 15:17:31', '2022-10-04 14:26:34'),
	(32, '王', 2, 4, 59, 97, '埼玉', '1998-01-25', '2021-10-25 15:17:31', '2022-09-21 19:24:51'),
	(33, '金', 1, 4, 95, 67, '千葉', '1997-03-05', '2021-10-25 15:17:31', '2022-09-21 19:24:51'),
	(34, '黎', 2, 4, 95, 97, '神奈', '1999-10-02', '2021-10-25 15:17:31', '2022-09-21 19:24:51'),
	(35, '丁', 1, 4, 40, 45, '東京都', '1999-08-05', '2021-10-25 15:17:31', '2022-09-21 19:24:51'),
	(36, '田中', 1, 4, 95, 97, '東京都', '1995-10-21', '2021-10-25 15:17:31', '2022-09-21 19:24:51'),
	(37, '和田', 1, 4, 95, 97, '奈川', '1999-11-25', '2021-10-25 15:17:31', '2022-09-21 19:24:51'),
	(38, '劉', 2, 4, 98, 37, '千葉', '1999-10-24', '2021-10-25 15:17:31', '2022-09-21 19:24:51'),
	(39, '周', 1, 4, 44, 97, '東京都', '1999-01-26', '2021-10-25 15:17:31', '2022-09-21 19:24:51'),
	(40, '端', 2, 11, 95, 68, '神奈川', '1999-02-15', '2021-10-25 15:17:31', '2022-09-25 10:39:55'),
	(41, '高', 1, 5, 55, 68, '東京都', '1998-06-07', '2021-10-25 15:17:31', '2022-09-21 19:24:51'),
	(42, '黄', 2, 5, 45, 35, '埼玉', '1998-01-08', '2021-10-25 15:17:31', '2022-09-21 19:24:51'),
	(43, '侯', 1, 5, 24, 42, '千葉', '1997-03-09', '2021-10-25 15:17:31', '2022-09-21 19:24:51'),
	(44, '張', 2, 5, 95, 97, '神奈川', '1999-10-07', '2021-10-25 15:17:31', '2022-09-21 19:24:51'),
	(45, '李', 1, 5, 40, 45, '東京都', '1999-08-09', '2021-10-25 15:17:31', '2022-09-21 19:24:51'),
	(46, '金', 2, 5, 95, 54, '東京都', '1995-10-01', '2021-10-25 15:17:31', '2022-09-21 19:24:51'),
	(47, '田', 1, 5, 78, 97, '神奈川', '1999-11-05', '2021-10-25 15:17:31', '2022-09-21 19:24:51'),
	(48, '劉', 2, 5, 98, 37, '千葉', '1999-10-04', '2021-10-25 15:17:31', '2022-09-21 19:24:51'),
	(49, '周', 1, 5, 44, 97, '東京都', '1999-01-26', '2021-10-25 15:17:31', '2022-09-21 19:24:51'),
	(50, '鈴木', 1, 5, 66, 68, '神奈川', '1999-02-15', '2021-10-25 15:17:31', '2022-09-21 19:24:51'),
	(51, '張', 1, 6, 95, 97, '東京都', '1999-10-25', '2021-10-25 00:00:00', '2022-09-21 19:24:51'),
	(52, '王', 2, 6, 59, 97, '埼玉', '1996-02-29', '2021-10-25 00:00:00', '2022-09-21 19:24:51'),
	(53, '金', 1, 6, 95, 67, '千葉', '1999-03-06', '2021-10-25 00:00:00', '2022-09-21 19:24:51'),
	(54, '李', 2, 6, 95, 97, '神奈川', '1997-03-05', '2021-10-25 00:00:00', '2022-09-21 19:24:51'),
	(55, '丁', 1, 6, 95, 97, '茨城', '1999-06-01', '2021-10-25 00:00:00', '2022-09-21 19:24:51'),
	(58, '劉', 2, 6, 95, 37, '大阪', '1999-08-23', '2021-10-25 00:00:00', '2022-09-21 19:24:51'),
	(59, '周', 1, 6, 44, 97, '東京都', '1995-09-05', '2021-10-25 00:00:00', '2022-09-21 19:24:51'),
	(60, '端', 2, 6, 95, 68, '東京都', '1999-01-02', '2021-10-25 00:00:00', '2022-09-21 19:24:51'),
	(61, '秋山', 1, 7, 95, 97, '山梨', '2000-10-25', '2021-10-25 00:00:00', '2022-09-21 19:24:51'),
	(62, '秋田', 2, 7, 59, 97, '埼玉', '1999-02-22', '2021-10-25 00:00:00', '2022-09-21 19:24:51'),
	(63, '夏目', 1, 7, 99, 67, '千葉', '2001-03-03', '2021-10-25 00:00:00', '2022-09-21 19:24:51'),
	(66, '田中', 2, 7, 65, 55, '沖縄', '1998-07-02', '2021-10-25 00:00:00', '2022-09-21 19:24:51'),
	(67, '渡辺', 1, 7, 33, 27, '北海道', '1996-02-13', '2021-10-25 00:00:00', '2022-09-21 19:24:51'),
	(68, '加奈', 2, 7, 86, 17, '大阪', '1999-08-23', '2021-10-25 00:00:00', '2022-09-21 19:24:51'),
	(69, '拓也', 1, 7, 44, 97, '東京都', '1995-07-05', '2021-10-25 00:00:00', '2022-09-21 19:24:51'),
	(70, '木村', 2, 7, 95, 68, '東京都', '1999-01-01', '2021-10-25 00:00:00', '2022-09-21 19:24:51'),
	(71, 'a', 1, 8, 51, 46, '東京都', '2012-01-26', '2021-10-25 15:18:24', '2022-09-21 19:24:51'),
	(72, 'b', 1, 8, 98, 95, '大阪', '2089-08-15', '2021-10-25 15:18:24', '2022-09-21 19:24:51'),
	(73, 'c', 1, 8, 98, 24, '北海道', '1921-11-27', '2021-10-25 15:18:24', '2022-09-21 19:24:51'),
	(74, 'd', 1, 8, 61, 14, '東京都', '2522-06-12', '2021-10-25 15:18:24', '2022-09-21 19:24:51'),
	(75, 'e', 1, 8, 61, 58, '大阪', '2331-06-12', '2021-10-25 15:18:24', '2022-09-21 19:24:51'),
	(76, 'f', 1, 8, 49, 88, '東京都', '1521-06-18', '2021-10-25 15:18:24', '2022-09-21 19:24:51'),
	(77, 'g', 1, 8, 41, 85, '中国', '2111-02-12', '2021-10-25 15:18:24', '2022-09-21 19:24:51'),
	(78, 'h', 1, 8, 54, 18, '中国', '2521-06-12', '2021-10-25 15:18:24', '2022-09-21 19:24:51'),
	(79, 'i', 1, 8, 16, 55, '北海道', '1521-06-12', '2021-10-25 15:18:24', '2022-09-21 19:24:51'),
	(80, 'j', 1, 8, 98, 55, '東京都', '2521-06-12', '2021-10-25 15:18:24', '2022-09-21 19:24:51'),
	(81, 'k', 2, 9, 98, 58, '中国', '2521-06-12', '2021-10-25 15:18:24', '2022-09-21 19:24:51'),
	(82, 'l', 2, 9, 84, 38, '北海道', '2521-06-12', '2021-10-25 15:18:24', '2022-09-21 19:24:51'),
	(83, 'm', 2, 9, 23, 16, '中国', '1521-06-12', '2021-10-25 15:18:24', '2022-09-21 19:24:51'),
	(84, 'n', 2, 9, 77, 28, '東京都', '1921-06-12', '2021-10-25 15:18:24', '2022-09-21 19:24:51'),
	(85, 'o', 2, 9, 26, 68, '中国', '1521-06-12', '2021-10-25 15:18:24', '2022-09-21 19:24:51'),
	(86, 'p', 2, 9, 98, 68, '北海道', '1521-06-12', '2021-10-25 15:18:24', '2022-09-21 19:24:51'),
	(87, 'q', 2, 9, 35, 68, '北海道', '1921-06-12', '2021-10-25 15:18:24', '2022-09-21 19:24:51'),
	(88, 'q', 2, 9, 95, 88, '大阪', '1921-06-12', '2021-10-25 15:18:24', '2022-09-21 19:24:51'),
	(89, 'q', 2, 9, 75, 16, '東京都', '1921-06-12', '2021-10-25 15:18:24', '2022-09-21 19:24:51'),
	(90, 'r', 2, 9, 56, 13, '中国', '1521-06-12', '2021-10-25 15:18:24', '2022-09-21 19:24:51'),
	(91, 'a1', 1, 10, 51, 46, '東京都', '2012-01-26', '2021-10-25 15:18:24', '2022-09-21 19:24:51'),
	(92, 'b2', 1, 10, 98, 95, '大阪', '2089-08-15', '2021-10-25 15:18:24', '2022-09-21 19:24:51'),
	(93, 'c2', 1, 10, 98, 24, '北海道', '1921-11-27', '2021-10-25 15:18:24', '2022-09-21 19:24:51'),
	(94, 'd3', 1, 10, 61, 14, '東京都', '2522-06-12', '2021-10-25 15:18:24', '2022-09-21 19:24:51'),
	(95, 'e3', 1, 10, 61, 58, '大阪', '2331-06-12', '2021-10-25 15:18:24', '2022-09-21 19:24:51'),
	(96, 'f4', 1, 10, 49, 88, '東京都', '1521-06-18', '2021-10-25 15:18:24', '2022-09-21 19:24:51'),
	(97, 'g5', 1, 10, 41, 85, '中国', '2111-02-12', '2021-10-25 15:18:24', '2022-09-21 19:24:51'),
	(98, 'h6', 1, 10, 54, 18, '中国', '2521-06-12', '2021-10-25 15:18:24', '2022-09-21 19:24:51'),
	(99, 'i2', 1, 10, 16, 55, '北海道', '1521-06-12', '2021-10-25 15:18:24', '2022-09-21 19:24:51'),
	(100, 'j2', 1, 10, 98, 55, '東京都', '2521-06-12', '2021-10-25 15:18:24', '2022-09-21 19:24:51'),
	(101, 'k2', 2, 11, 98, 58, '中国', '2521-06-12', '2021-10-25 15:18:24', '2022-09-21 19:24:51'),
	(102, 'l2', 2, 11, 84, 38, '北海道', '2521-06-12', '2021-10-25 15:18:24', '2022-09-21 19:24:51'),
	(103, 'm2', 2, 11, 23, 16, '中国', '1521-06-12', '2021-10-25 15:18:24', '2022-09-21 19:24:51'),
	(104, 'n2', 2, 11, 77, 28, '東京都', '1921-06-12', '2021-10-25 15:18:24', '2022-09-21 19:24:51'),
	(105, 'o2', 2, 11, 26, 68, '中国', '1521-06-12', '2021-10-25 15:18:24', '2022-09-21 19:24:51'),
	(106, 'p2', 2, 11, 98, 68, '北海道', '1521-06-12', '2021-10-25 15:18:24', '2022-09-21 19:24:51'),
	(107, 'q2', 2, 11, 35, 68, '北海道', '1921-06-12', '2021-10-25 15:18:24', '2022-09-21 19:24:51'),
	(108, 'q2', 2, 11, 95, 88, '大阪', '1921-06-12', '2021-10-25 15:18:24', '2022-09-21 19:24:51'),
	(109, 'q2', 2, 11, 75, 16, '東京都', '1921-06-12', '2021-10-25 15:18:24', '2022-09-21 19:24:51'),
	(110, 'r2', 2, 11, 56, 13, '中国', '1521-06-12', '2021-10-25 15:18:24', '2022-09-21 19:24:51'),
	(111, '高木', 1, 12, 67, 97, '東京都', '2009-05-02', '2021-10-25 15:17:31', '2022-09-21 19:24:51'),
	(112, '中西', 1, 12, 95, 92, '千葉', '2010-06-25', '2021-10-25 15:17:31', '2022-09-21 19:24:51'),
	(113, '高橋', 2, 12, 55, 34, '神奈川', '2009-07-05', '2021-10-25 15:17:31', '2022-09-21 19:24:51'),
	(114, '佐竹', 2, 12, 100, 97, '京都', '2011-10-03', '2021-10-25 15:17:31', '2022-09-21 19:24:51'),
	(115, '夏目', 1, 12, 97, 45, '東京都', '2010-10-26', '2021-10-25 15:17:31', '2022-09-21 19:24:51'),
	(116, '狩野', 2, 2, 65, 100, '大阪', '2010-07-25', '2021-10-25 15:17:31', '2022-09-21 19:24:51'),
	(117, '小嶌', 2, 12, 56, 45, '九州', '2010-09-06', '2021-10-25 15:17:31', '2022-09-21 19:24:51'),
	(118, '李  ', 2, 12, 67, 34, '中国', '2009-06-05', '2021-10-25 15:17:31', '2022-09-21 19:24:51'),
	(119, '魏  ', 1, 12, 73, 58, '中国', '2010-06-05', '2021-10-25 15:17:31', '2022-09-21 19:24:51'),
	(120, '佐竹', 2, 12, 67, 97, '東京都', '2009-10-25', '2021-10-25 15:17:31', '2022-09-21 19:24:51'),
	(121, '高城', 1, 13, 89, 97, '東京都', '2009-05-02', '2021-10-25 15:17:31', '2022-09-21 19:24:51'),
	(122, '小嶌', 2, 13, 60, 95, '千葉', '2010-06-25', '2021-10-25 15:17:31', '2022-09-21 19:24:51'),
	(123, '王  ', 2, 13, 55, 99, '中国', '2011-07-05', '2021-10-25 15:17:31', '2022-09-21 19:24:51'),
	(124, '高木', 1, 13, 100, 57, '京都', '2009-10-03', '2021-10-25 15:17:31', '2022-09-21 19:24:51'),
	(125, '周  ', 1, 13, 95, 45, '中国', '2011-10-26', '2021-10-25 15:17:31', '2022-09-21 19:24:51'),
	(126, '米田', 2, 13, 99, 100, '大阪', '2009-07-25', '2021-10-25 15:17:31', '2022-09-21 19:24:51'),
	(127, '佐竹', 2, 13, 56, 67, '九州', '2009-07-06', '2021-10-25 15:17:31', '2022-09-21 19:24:51'),
	(128, '銭  ', 2, 13, 24, 76, '中国', '2012-09-05', '2021-10-25 15:17:31', '2022-09-21 19:24:51'),
	(129, '李  ', 1, 13, 54, 34, '中国', '2011-09-05', '2021-10-25 15:17:31', '2022-09-21 19:24:51'),
	(130, '小嶌', 1, 13, 67, 77, '東京都', '2011-01-25', '2021-10-25 15:17:31', '2022-09-21 19:24:51'),
	(131, '林  ', 2, 14, 100, 76, '中国', '2011-05-02', '2021-10-25 15:17:31', '2022-09-21 19:24:51'),
	(132, '佐竹', 1, 14, 95, 97, '東京都', '2011-06-25', '2021-10-25 15:17:31', '2022-09-21 19:24:51'),
	(133, '渡辺', 2, 14, 99, 34, '神奈川', '2009-07-05', '2021-10-25 15:17:31', '2022-09-21 19:24:51'),
	(134, '佐竹', 1, 14, 98, 97, '京都', '2012-10-03', '2021-10-25 15:17:31', '2022-09-21 19:24:51'),
	(135, '池田', 2, 14, 34, 45, '東京都', '2010-10-26', '2021-10-25 15:17:31', '2022-09-21 19:24:51'),
	(136, '小嶌', 1, 14, 65, 66, '大阪', '2009-07-25', '2021-10-25 15:17:31', '2022-09-21 19:24:51'),
	(137, '竹越', 2, 14, 56, 45, '東京都', '2009-09-06', '2021-10-25 15:17:31', '2022-09-21 19:24:51'),
	(138, '柳橋', 2, 14, 100, 78, '福岡', '2010-06-05', '2021-10-25 15:17:31', '2022-09-21 19:24:51'),
	(139, '李  ', 1, 14, 24, 99, '中国', '2010-09-05', '2021-10-25 15:17:31', '2022-09-21 19:24:51'),
	(140, '林  ', 2, 14, 67, 54, '中国', '2009-10-25', '2021-10-25 15:17:31', '2022-09-21 19:24:51'),
	(141, '金  ', 1, 15, 58, 97, '韓国', '2009-05-02', '2021-10-25 15:17:31', '2022-09-21 19:24:51'),
	(142, '田中', 1, 15, 95, 87, '千葉', '2010-06-25', '2021-10-25 15:17:31', '2022-09-21 19:24:51'),
	(143, '高木', 2, 15, 56, 34, '神奈川', '2009-07-05', '2021-10-25 15:17:31', '2022-09-21 19:24:51'),
	(144, '山梨', 1, 15, 100, 97, '京都', '2009-10-03', '2021-10-25 15:17:31', '2022-09-21 19:24:51'),
	(145, '小嶌', 1, 15, 95, 45, '東京都', '2012-10-29', '2021-10-25 15:17:31', '2022-09-21 19:24:51'),
	(146, '柳橋', 2, 15, 65, 97, '東京都', '2011-07-25', '2021-10-25 15:17:31', '2022-09-21 19:24:51'),
	(147, '笹岡', 1, 15, 78, 88, '九州', '2009-09-06', '2021-10-25 15:17:31', '2022-09-21 19:24:51'),
	(148, '小林', 2, 15, 67, 66, '東京都', '2009-06-05', '2021-10-25 15:17:31', '2022-09-21 19:24:51'),
	(149, '高木', 1, 13, 24, 34, '島根', '2010-09-05', '2021-10-25 15:17:31', '2022-09-21 19:24:51'),
	(150, '柳橋', 2, 15, 67, 97, '東京都', '2010-10-25', '2021-10-25 15:17:31', '2022-09-21 19:24:51'),
	(151, '服部', 2, 16, 67, 99, '東京都', '2009-05-02', '2021-10-25 15:17:31', '2022-09-21 19:24:51'),
	(152, '柳橋', 1, 16, 95, 98, '千葉', '2009-06-25', '2021-10-25 15:17:31', '2022-09-21 19:24:51'),
	(153, '新垣', 2, 16, 55, 67, '神奈川', '2010-07-05', '2021-10-25 15:17:31', '2022-09-21 19:24:51'),
	(154, '石原', 1, 16, 100, 97, '東京都', '2010-10-03', '2021-10-25 15:17:31', '2022-09-21 19:24:51'),
	(155, '柳橋', 2, 16, 95, 45, '沖縄', '2009-10-26', '2021-10-25 15:17:31', '2022-09-21 19:24:51'),
	(156, '星野', 2, 16, 65, 100, '大阪', '2011-07-25', '2021-10-25 15:17:31', '2022-09-21 19:24:51'),
	(157, '小野', 1, 16, 75, 45, '東京都', '2009-09-06', '2021-10-25 15:17:31', '2022-09-21 19:24:51'),
	(158, '佐竹', 2, 16, 89, 34, '千葉', '2012-06-05', '2021-10-25 15:17:31', '2022-09-21 19:24:51'),
	(159, '白川', 1, 16, 94, 67, '千葉', '2012-09-05', '2021-10-25 15:17:31', '2022-09-21 19:24:51'),
	(160, '夏目', 2, 16, 90, 97, '東京都', '2009-10-25', '2021-10-25 15:17:31', '2022-09-21 19:24:51'),
	(161, '張', 1, 17, 45, 50, '東京都', '1999-10-25', '2021-10-25 15:17:31', '2022-09-21 19:24:51'),
	(162, '鄭', 1, 17, 98, 97, '埼玉県', '1994-09-15', '2021-10-25 15:17:31', '2022-09-21 19:24:51'),
	(163, '潘', 2, 17, 80, 95, '千葉県', '1995-10-22', '2021-10-25 15:17:31', '2022-09-21 19:24:51'),
	(164, '李', 2, 17, 90, 45, '東京都', '1996-06-25', '2021-10-25 15:17:31', '2022-09-21 19:24:51'),
	(165, '中村', 1, 17, 50, 88, '神奈川', '1999-07-24', '2021-10-25 15:17:31', '2022-09-21 19:24:51'),
	(166, '高橋', 2, 17, 60, 60, '埼玉県', '1992-08-29', '2021-10-25 15:17:31', '2022-09-21 19:24:51'),
	(167, '馬場', 1, 17, 75, 82, '東京都', '1993-10-30', '2021-10-25 15:17:31', '2022-09-21 19:24:51'),
	(168, '中川', 2, 17, 30, 45, '千葉県', '1995-03-25', '2021-10-25 15:17:31', '2022-09-21 19:24:51'),
	(169, '川島', 2, 17, 58, 63, '千葉県', '1996-04-11', '2021-10-25 15:17:31', '2022-09-21 19:24:51'),
	(170, '戸部', 1, 17, 61, 52, '神奈川', '1992-07-12', '2021-10-25 15:17:31', '2022-09-21 19:24:51'),
	(171, '橋本', 1, 18, 45, 50, '神奈川', '1995-09-20', '2021-10-25 15:17:31', '2022-09-21 19:24:51'),
	(172, '斉藤', 2, 18, 50, 97, '埼玉県', '1996-12-05', '2021-10-25 15:17:31', '2022-09-21 19:24:51'),
	(173, '中村', 2, 18, 83, 64, '千葉県', '1994-10-02', '2021-10-25 15:17:31', '2022-09-21 19:24:51'),
	(174, '川口', 1, 18, 90, 75, '東京都', '1992-11-26', '2021-10-25 15:17:31', '2022-09-21 19:24:51'),
	(175, '田中', 1, 18, 88, 88, '埼玉県', '1994-11-21', '2021-10-25 15:17:31', '2022-09-21 19:24:51'),
	(176, '鈴木', 2, 18, 65, 60, '神奈川', '1996-01-25', '2021-10-25 15:17:31', '2022-09-21 19:24:51'),
	(177, '飯田', 1, 18, 75, 82, '東京都', '1996-04-25', '2021-10-25 15:17:31', '2022-09-21 19:24:51'),
	(178, '吉田', 1, 18, 30, 45, '千葉県', '1999-05-06', '2021-10-25 15:17:31', '2022-09-21 19:24:51'),
	(179, '吉川', 2, 18, 90, 95, '神奈川', '1993-08-12', '2021-10-25 15:17:31', '2022-09-21 19:24:51'),
	(180, '間', 1, 18, 91, 52, '東京都', '1995-09-11', '2021-10-25 15:17:31', '2022-09-21 19:24:51'),
	(181, '本', 1, 19, 45, 50, '神奈川', '1993-10-20', '2021-10-25 15:17:31', '2022-09-21 19:24:51'),
	(182, '辺', 2, 19, 80, 90, '埼玉県', '1994-11-05', '2021-10-25 15:17:31', '2022-09-21 19:24:51'),
	(183, '斎藤', 2, 19, 83, 64, '千葉県', '1996-01-02', '2021-10-25 15:17:31', '2022-09-21 19:24:51'),
	(184, '鈴木', 1, 19, 62, 25, '東京都', '1996-10-21', '2021-10-25 15:17:31', '2022-09-21 19:24:51'),
	(185, '田中', 1, 19, 45, 89, '埼玉県', '1994-01-21', '2021-10-25 15:17:31', '2022-09-21 19:24:51'),
	(186, '鈴木', 2, 19, 60, 97, '神奈川', '1996-06-25', '2021-10-25 15:17:31', '2022-09-21 19:24:51'),
	(187, '米子', 1, 19, 72, 34, '東京都', '1994-04-15', '2021-10-25 15:17:31', '2022-09-21 19:24:51'),
	(188, '吉田', 1, 19, 90, 99, '千葉県', '1993-08-06', '2021-10-25 15:17:31', '2022-09-21 19:24:51'),
	(189, '神谷', 2, 19, 56, 56, '神奈川', '1993-09-12', '2021-10-25 15:17:31', '2022-09-21 19:24:51'),
	(190, '中野', 1, 19, 57, 67, '東京都', '1992-09-02', '2021-10-25 15:17:31', '2022-09-21 19:24:51'),
	(191, '橋本', 1, 20, 45, 50, '神奈川', '1993-10-20', '2021-10-25 15:17:31', '2022-09-21 19:24:51'),
	(192, '渡辺', 2, 20, 80, 90, '埼玉県', '1994-12-05', '2021-10-25 15:17:31', '2022-09-21 19:24:51'),
	(193, '斎藤', 2, 20, 84, 64, '千葉県', '1996-01-02', '2021-10-25 15:17:31', '2022-09-21 19:24:51'),
	(194, '成田', 1, 20, 62, 35, '東京都', '1996-05-21', '2021-10-25 15:17:31', '2022-09-21 19:24:51'),
	(195, '張', 1, 20, 45, 89, '埼玉県', '1995-01-21', '2021-10-25 15:17:31', '2022-09-21 19:24:51'),
	(196, '鈴木', 2, 20, 68, 97, '神奈川', '1996-06-25', '2021-10-25 15:17:31', '2022-09-21 19:24:51'),
	(197, '米子', 1, 20, 72, 34, '東京都', '1995-04-15', '2021-10-25 15:17:31', '2022-09-21 19:24:51'),
	(198, '吉田', 1, 20, 79, 99, '千葉県', '1998-07-06', '2021-10-25 15:17:31', '2022-09-21 19:24:51'),
	(199, '馬場', 2, 20, 56, 70, '神奈川', '1993-09-12', '2021-10-25 15:17:31', '2022-09-21 19:24:51'),
	(200, '中野', 1, 20, 57, 67, '東京都', '1991-09-02', '2021-10-25 15:17:31', '2022-09-21 19:24:51'),
	(201, '李', 1, 21, 45, 50, '神奈川', '1994-10-20', '2021-10-25 15:17:31', '2022-09-21 19:24:51'),
	(202, '渡辺', 2, 21, 80, 90, '埼玉県', '1996-11-05', '2021-10-25 15:17:31', '2022-09-21 19:24:51'),
	(203, '斎藤', 2, 21, 84, 64, '千葉県', '1993-01-02', '2021-10-25 15:17:31', '2022-09-21 19:24:51'),
	(204, '川島', 1, 21, 62, 35, '東京都', '1999-10-21', '2021-10-25 15:17:31', '2022-09-21 19:24:51'),
	(205, '鈴木', 1, 21, 45, 89, '埼玉県', '1997-04-21', '2021-10-25 15:17:31', '2022-09-21 19:24:51'),
	(206, '潘', 2, 21, 68, 97, '神奈川', '1998-06-25', '2021-10-25 15:17:31', '2022-09-21 19:24:51'),
	(207, '渡米', 1, 21, 72, 34, '東京都', '1990-04-15', '2021-10-25 15:17:31', '2022-09-21 19:24:51'),
	(208, '戸部', 1, 21, 79, 96, '千葉県', '1993-05-06', '2021-10-25 15:17:31', '2022-09-21 19:24:51'),
	(209, '神谷', 2, 21, 56, 70, '神奈川', '1994-09-23', '2021-10-25 15:17:31', '2022-09-21 19:24:51'),
	(210, '中野', 1, 21, 57, 67, '東京都', '1993-09-07', '2021-10-25 15:17:31', '2022-09-21 19:24:51'),
	(211, '李', 1, 22, 45, 50, '神奈川', '1994-10-20', '2021-10-25 15:17:31', '2022-09-21 19:24:51'),
	(212, '渡辺', 2, 22, 80, 90, '埼玉県', '1995-11-05', '2021-10-25 15:17:31', '2022-09-21 19:24:51'),
	(213, '斎藤', 2, 22, 84, 64, '千葉県', '1993-10-02', '2021-10-25 15:17:31', '2022-09-21 19:24:51'),
	(214, '中川', 1, 22, 64, 35, '東京都', '1999-10-21', '2021-10-25 15:17:31', '2022-09-21 19:24:51'),
	(215, '鈴木', 1, 22, 45, 89, '埼玉県', '1997-07-21', '2021-10-25 15:17:31', '2022-09-21 19:24:51'),
	(216, '潘', 2, 22, 68, 95, '神奈川', '1996-06-25', '2021-10-25 15:17:31', '2022-09-21 19:24:51'),
	(217, '渡米', 1, 22, 72, 34, '東京都', '1990-04-15', '2021-10-25 15:17:31', '2022-09-21 19:24:51'),
	(218, '戸部', 1, 22, 79, 99, '千葉県', '1993-05-06', '2021-10-25 15:17:31', '2022-09-21 19:24:51'),
	(219, '神谷', 2, 22, 56, 78, '神奈川', '1994-09-23', '2021-10-25 15:17:31', '2022-09-21 19:24:51'),
	(220, '間', 1, 22, 50, 67, '東京都', '1993-09-07', '2021-10-25 15:17:31', '2022-09-21 19:24:51'),
	(221, 'tttt', 2, 8, 888, 888, '東京都千代田', '2022-09-26', '2022-09-25 10:40:23', '2022-09-25 10:40:23'),
	(999, '田中様', NULL, NULL, NULL, NULL, NULL, NULL, '2021-10-25 15:17:31', '2022-09-21 19:24:51');
/*!40000 ALTER TABLE `t_student` ENABLE KEYS */;

/*!40101 SET SQL_MODE=IFNULL(@OLD_SQL_MODE, '') */;
/*!40014 SET FOREIGN_KEY_CHECKS=IFNULL(@OLD_FOREIGN_KEY_CHECKS, 1) */;
/*!40101 SET CHARACTER_SET_CLIENT=@OLD_CHARACTER_SET_CLIENT */;
/*!40111 SET SQL_NOTES=IFNULL(@OLD_SQL_NOTES, 1) */;
